[{"key": "uicustomizer", "name": "UI Customizer", "url": "https://github.com/LazeMSS/OctoPrint-UICustomizer"}, {"key": "terminalcommandsextended", "name": "Terminal Commands Extended", "url": "https://github.com/jneilliii/OctoPrint-TerminalCommandsExtended"}, {"key": "prusaslicerthumbnails", "name": "Slicer Thumbnails", "url": "https://github.com/jneilliii/OctoPrint-PrusaSlicerThumbnails"}, {"key": "PrintJobHistory", "name": "PrintJobHistory", "url": "https://github.com/dojohnso/OctoPrint-PrintJobHistory"}, {"key": "preheat", "name": "Preheat Button", "url": "https://github.com/marian42/octoprint-preheat"}, {"key": "powerfailure", "name": "Power Failure Recovery", "url": "https://github.com/pablogventura/OctoPrint-PowerFailure"}, {"key": "SpoolManager", "name": "SpoolManager Plugin", "url": "https://github.com/dojohnso/OctoPrint-SpoolManager"}, {"key": "simpleemergencystop", "name": "Simple Emergency Stop", "url": "https://github.com/Sebclem/OctoPrint-SimpleEmergencyStop"}, {"key": "PrintTimeGenius", "name": "PrintTimeGenius Plugin", "url": "https://github.com/eyal0/OctoPrint-PrintTimeGenius"}, {"key": "persist_terminal_command_history", "name": "Persist Terminal Command History Plugin", "url": "https://github.com/nivekmai/OctoPrint-PersistTerminalCommandHistory"}, {"key": "meatpack", "name": "MeatPack", "url": "https://github.com/scottmudge/OctoPrint-MeatPack"}, {"key": "internal_slicer", "name": "Internal Slicer", "url": "https://github.com/Garr-Garr/OctoPrint-InternalSlicer"}, {"key": "firmwareupdater", "name": "Firmware Updater", "url": "https://github.com/OctoPrint/OctoPrint-FirmwareUpdater"}, {"key": "filamentmanager", "name": "Filament Manager", "url": "https://github.com/OllisGit/OctoPrint-FilamentManager"}, {"key": "display_eta", "name": "Octoprint Display ETA", "url": "https://github.com/AlexVerrico/Octoprint-Display-ETA"}, {"key": "detailedprogress", "name": "Detailed Progress", "url": "https://github.com/tpmullan/OctoPrint-DetailedProgress"}, {"key": "dashboard", "name": "Dashboard", "url": "https://github.com/j7126/OctoPrint-Dashboard"}, {"key": "cancelobject", "name": "Cancel Objects", "url": "https://github.com/paukstelis/OctoPrint-Cancelobject"}, {"key": "babystepping", "name": "Baby Stepping", "url": "https://github.com/jneilliii/OctoPrint-BabyStepping"}, {"key": "autoselect", "name": "Autoselect Plugin", "url": "https://github.com/OctoPrint/OctoPrint-Autoselect"}, {"key": "autoscroll", "name": "Autoscroll", "url": "https://github.com/MoonshineSG/OctoPrint-Autoscroll"}, {"key": "active_filters_extended", "name": "Active Filters Extended", "url": "https://github.com/jneilliii/OctoPrint-ActiveFiltersExtended"}, {"key": "octolapse", "name": "Octolapse", "url": "https://github.com/FormerLurker/Octolapse"}, {"key": "octoapp", "name": "OctoApp", "url": "https://github.com/crysxd/OctoApp-Plugin/"}, {"key": "marlingcodedocumentation", "name": "Marlin GCode Documentation", "url": "https://github.com/costas-basdekis/MarlinGcodeDocumentation"}, {"key": "DisplayLayerProgress", "name": "DisplayLayerProgress Plugin", "url": "https://github.com/OllisGit/OctoPrint-DisplayLayerProgress"}, {"key": "consolidate_temp_control", "name": "Consolidate Temp Control", "url": "https://github.com/jneilliii/OctoPrint-ConsolidateTempControl"}]