{
  "last_version": "1.10.2",
  "seen_versions": 1,
  "server_starts": 7,
  "prints_started": 9,
  "prints_cancelled": 0,
  "prints_errored": 0,
  "prints_finished": 0,
  "prints_started_per_weekday": {
    "6": 4,
    "0": 5
  },
  "print_duration_total": 1539.3296251769982,
  "print_duration_cancelled": 0.0,
  "print_duration_errored": 0.0,
  "print_duration_finished": 0.0,
  "longest_print_duration": 0.0,
  "longest_print_date": 0,
  "files_uploaded": 19,
  "files_deleted": 13,
  "plugins_installed": 28,
  "plugins_uninstalled": 0,
  "most_plugins": 47,
  "achievements": 5
}