{
  "stats": {
    "last_version": "1.10.2",
    "seen_versions": 1,
    "server_starts": 7,
    "prints_started": 9,
    "prints_cancelled": 0,
    "prints_errored": 0,
    "prints_finished": 0,
    "prints_started_per_weekday": {
      "6": 4,
      "0": 5
    },
    "print_duration_total": 1539.3296251769982,
    "print_duration_cancelled": 0.0,
    "print_duration_errored": 0.0,
    "print_duration_finished": 0.0,
    "longest_print_duration": 0.0,
    "longest_print_date": 0,
    "files_uploaded": 19,
    "files_deleted": 13,
    "plugins_installed": 28,
    "plugins_uninstalled": 0,
    "most_plugins": 47,
    "created": 1663806316,
    "created_version": "1.10.2"
  },
  "achievements": {
    "the_wizard": 1663806318,
    "adventurer": 1719710461,
    "tinkerer": 1719737340,
    "all_beginnings_are_hard": 1719744884,
    "one_of_those_days": 1719797569
  },
  "state": {
    "date_last_print": "",
    "prints_today": 0,
    "date_last_cancelled_print": "2024-07-01",
    "prints_cancelled_today": 6,
    "consecutive_prints_cancelled_today": 12,
    "file_last_print": "",
    "consecutive_prints_of_same_file": 0,
    "date_last_weekend_print": "2024-06-30",
    "consecutive_weekend_prints": 0
  }
}